"","spName","prevAll","x","y","prevBins","xBins","yBins","weights"
"3795","Spermophilus_erythrogenys",1100,83.32,48.71,2,8,9,0.333333333333333
"4093","Lepus_arcticus",5144,-79.37,70.98,5,3,10,1
"1392","Carpitalpa_arendsi",12,32.88,-19.25,1,6,3,0.0135135135135135
"3511","Synaptomys_cooperi",1709,-82.52,44.01,2,3,8,0.0833333333333333
"4065","Meriones_libycus",3571,45.25,34.54,4,7,7,1
"3836","Lemmus_amurensis",1495,135.57,58.75,2,9,9,1
"3986","Rhinolophus_luctus",2643,109.25,11.54,3,9,6,1
"4155","Lynx_canadensis",5443,-112.33,58.07,6,2,9,0.333333333333333
"3517","Alouatta_caraya",1164,-53.33,-17.71,2,4,3,0.0833333333333333
"3997","Sylvilagus_floridanus",3308,-91.71,33.15,4,3,7,0.5
"4222","Puma_concolor",8509,-76.1,1.91,9,3,5,1
"4213","Sorex_roboratus",6604,114.24,61.23,7,9,9,0.333333333333333
"3823","Melogale_moschata",1261,107.88,25.86,2,9,7,0.166666666666667
"2630","Spermophilus_ralli",31,80.69,43.06,1,8,8,0.0232558139534884
"2133","Pipistrellus_arabicus",17,56.87,23.63,1,7,7,0.032258064516129
"3232","Cercartetus_nanus",249,147.85,-36.19,1,10,2,0.0232558139534884
"4184","Myodes_glareolus",5753,36.24,55.5,6,6,9,0.333333333333333
"4157","Nyctinomops_macrotis",5741,-68.23,0.22,6,3,5,0.5
"4240","Vulpes_lagopus",12106,-19.79,69.08,12,5,10,1
"822","Reithrodon_auritus",653,-66.35,-42.63,1,4,1,1
"4252","Rangifer_tarandus",16195,5.51,64.64,16,6,10,1
"4145","Pipistrellus_kuhlii",5208,33.9,36.06,5,6,8,1
"4129","Urocitellus_parryii",4706,-47.46,64.53,5,4,10,1
"4069","Vormela_peregusna",3973,69.69,42.02,4,7,8,0.25
"1365","Lepus_saxatilis",587,24.5,-28.81,1,6,2,0.0227272727272727
"4149","Myotis_brandtii",4834,48.48,54.4,5,7,9,0.5
"4246","Sciurus_vulgaris",13177,79.72,57.39,13,8,9,1
"4239","Lontra_canadensis",12452,-103.93,55.63,12,2,9,1
"4232","Lasiurus_cinereus",9918,-85.76,27.38,10,3,7,1
"4116","Nyctinomops_laticaudatus",4802,-60.49,-5.99,5,4,4,0.0285714285714286
"4083","Plecotus_ognevi",3432,115.75,51.79,4,9,9,1
"4152","Apodemus_peninsulae",4955,114.74,48.76,5,9,9,0.5
"2659","Pseudomys_bolami",355,130.27,-30.25,1,9,2,0.0333333333333333
"3886","Sciurus_aestuans",2526,-51.81,-10.76,3,4,4,0.0357142857142857
"3082","Euroscaptor_parvidens",15,107.25,15.45,1,9,6,0.0238095238095238
"3126","Hydropotes_inermis",116,121.88,33.07,1,9,7,0.0185185185185185
"698","Molossus_sinaloae",902,-80.68,12.06,1,3,6,0.00675675675675676
"3505","Microtus_pinetorum",1260,-85.93,37.85,2,3,8,0.0833333333333333
"3759","Rhinolophus_lepidus",1445,84.91,21.3,2,8,6,0.0263157894736842
"3996","Didelphis_marsupialis",3367,-67.85,-0.4,4,3,5,1
"3087","Kerivoula_whiteheadi",167,120.19,10.63,1,9,6,0.0238095238095238
"1211","Enhydra_lutris",312,-53.79,54.67,1,4,9,1
"4204","Rhinopoma_hardwickii",6445,32.4,21.82,7,6,6,0.5
"4144","Vulpes_rueppellii",4877,23.06,24.11,5,6,7,1
"4082","Dicrostonyx_torquatus",3249,97.85,69.43,4,8,10,1
"3498","Pipistrellus_subflavus",1979,-86.98,35.63,2,3,7,0.2
"3711","Tatera_indica",1944,70.18,25.28,2,7,7,0.111111111111111
"4245","Sus_scrofa",13409,70.78,38.34,13,7,8,0.5
"3840","Hydromys_chrysogaster",1807,141.63,-21.65,2,10,3,0.333333333333333
"246","Lagidium_wolffsohni",41,-72.52,-49.2,1,3,1,0.0333333333333333
"4231","Eutamias_sibiricus",9272,107.98,56.56,9,9,9,1
"2021","Atelerix_sclateri",146,47.59,7.41,1,7,5,0.0147058823529412
"3222","Pseudomys_higginsi",46,146.66,-42.07,1,10,1,0.142857142857143
"832","Calomys_laucha",659,-58.95,-30.12,1,4,2,0.0204081632653061
"2092","Gerbillus_famulus",31,44.07,13.94,1,7,6,0.0434782608695652
"3854","Martes_pennanti",2293,-98.54,51.48,3,3,9,1
"2689","Ningaui_ridei",903,131.8,-25.36,1,9,3,0.0172413793103448
"272","Leopardus_guigna",190,-72.34,-40.78,1,3,2,0.0344827586206897
"4163","Lemmus_trimucronatus",5300,-75.05,65.65,6,3,10,1
"3793","Phodopus_campbelli",1101,106.44,45.48,2,8,8,0.0909090909090909
"3848","Glyphonycteris_sylvestris",2240,-66.68,0.46,3,3,5,1
"3703","Tadarida_aegyptiaca",1770,43,-5.17,2,7,4,1
"4174","Ictonyx_striatus",5509,23.09,-3.14,6,6,4,1
"4208","Mustela_eversmanii",7023,79.25,47.39,7,8,8,0.5
"3989","Mesechinus_dauuricus",2478,111.99,45.94,3,9,8,0.5
"4223","Ursus_maritimus",9409,-23.98,70.47,9,5,10,1
"4238","Sorex_tundrensis",11554,74.9,61.24,11,8,9,1
"3797","Urocitellus_undulatus",1487,103.22,51.6,2,8,9,0.333333333333333
"3999","Phenacomys_ungava",3165,-94.89,55.67,4,3,9,1
"3728","Rattus_exulans",1306,104.5,8.45,2,8,5,0.125
"3726","Megaderma_spasma",1879,105.49,9.71,2,8,5,0.125
"2207","Otomops_formosus",15,106.45,-6.52,1,8,4,0.2
"4251","Alces_alces",15585,18.81,58.67,15,6,9,1
"4000","Dicrostonyx_groenlandicus",3294,-90.02,71.25,4,3,10,1
"3912","Thryonomys_swinderianus",2798,20.09,-3.83,3,6,4,0.0833333333333333
"2262","Pongo_abelii",23,97.62,3.53,1,8,5,0.0136986301369863
"4205","Apodemus_agrarius",6365,71.25,48.56,7,7,8,0.5
"3841","Petaurus_breviceps",1276,142.37,-17.74,2,10,3,0.333333333333333
"4143","Lepus_capensis",4815,27,14.98,5,6,6,1
"31","Sigmodon_leucotis",150,-101.41,21.76,1,2,6,0.0416666666666667
"301","Ctenomys_fulvus",58,-68.66,-22.93,1,3,3,0.0285714285714286
"3979","Lemmus_sibiricus",2709,96.09,71.05,3,8,10,1
"4136","Crocuta_crocuta",5171,22.69,-0.79,5,6,5,0.142857142857143
"3798","Microtus_middendorffii",2058,106.46,69.89,2,8,10,0.5
"4198","Odocoileus_virginianus",6733,-92.84,34.34,7,3,7,1
"2284","Arctonyx_collaris",627,99.19,18.19,1,8,6,0.00666666666666667
"1338","Rupicapra_pyrenaica",32,0.89,42.7,1,5,8,0.0666666666666667
"3471","Lycalopex_culpaeus",1220,-70.57,-28.91,2,3,2,1
"3959","Bandicota_indica",2115,90.73,20.69,3,8,6,0.0769230769230769
"236","Ctenomys_haigi",28,-70.39,-41.61,1,3,1,0.0333333333333333
"4064","Talpa_europaea",3923,28.78,53.64,4,6,9,0.142857142857143
"4081","Microtus_gregalis",3727,99.46,56.25,4,8,9,1
"4031","Galictis_vittata",3593,-62.18,-1.82,4,4,5,0.5
"3489","Trinycteris_nicefori",1623,-67.56,1.47,2,3,5,0.0714285714285714
"4090","Lynx_rufus",4562,-99.42,38.91,5,3,8,0.5
"3975","Crocidura_sibirica",3084,95.67,48.18,3,8,8,0.2
"4162","Procyon_lotor",5562,-98.12,38.91,6,3,8,0.333333333333333
"1421","Laephotis_botswanae",189,28.35,-18.03,1,6,3,0.0135135135135135
"1813","Atelerix_algirus",374,4.57,33.81,1,6,7,0.0294117647058824
"4027","Sturnira_tildae",3719,-57.23,-6.97,4,4,4,0.0333333333333333
"3839","Ovis_nivicola",1381,134.23,63.81,2,9,10,0.333333333333333
"4243","Sorex_minutissimus",11972,100.42,59.87,12,8,9,0.5
"3821","Arctonyx_albogularis",1662,108.53,32.59,2,9,7,0.166666666666667
"3558","Choeroniscus_minor",1899,-61.15,-2.45,2,4,5,0.0666666666666667
"366","Lenoxus_apicalis",25,-68.61,-14.95,1,3,4,0.0075187969924812
"3450","Lepus_californicus",1966,-107.43,35.04,2,2,7,0.142857142857143
"3982","Macropus_robustus",2493,134.19,-24.51,3,9,3,0.166666666666667
"4079","Prionailurus_bengalensis",4107,104.16,24.28,4,8,7,0.5
"4247","Myodes_rutilus",13737,50.08,61.25,14,7,9,1
"4259","Canis_lupus",31499,32.64,54.26,30,6,9,1
"3725","Maxomys_surifer",1187,105.63,7.41,2,8,5,0.125
"1","Dicrostonyx_nelsoni",330,-161.3,61.32,1,1,9,0.5
"1873","Plecotus_sardus",22,9,40,1,6,8,0.0217391304347826
"3219","Dasyurus_viverrinus",45,146.63,-42.04,1,10,1,0.142857142857143
"3849","Didelphis_virginiana",2706,-94.05,32.46,3,3,7,1
"3573","Aethomys_chrysophilus",1564,28.5,-16.2,2,6,3,0.0714285714285714
"4217","Neomys_fodiens",8062,53.56,54.41,8,7,9,0.5
"2206","Nesolagus_netscheri",18,102.56,-3.22,1,8,4,0.2
"3796","Talpa_altaica",2065,92,57.18,2,8,9,0.333333333333333
"4168","Lontra_longicaudis",5436,-62.23,-6.41,6,4,4,0.1
"3948","Castor_fiber",2594,36.35,57.05,3,6,9,0.2
"1891","Lemmus_lemmus",737,20.62,65.78,1,6,10,1
"4076","Suncus_murinus",3534,97.03,16.39,4,8,6,0.333333333333333
"4248","Microtus_oeconomus",14186,44.12,61.53,14,7,10,1
"2129","Nesokia_bunnii",25,46.37,31.69,1,7,7,0.032258064516129
"1911","Eliurus_webbi",80,48.34,-18.76,1,7,3,0.0099009900990099
"3833","Ochotona_dauurica",1127,106.47,45.17,2,9,8,0.111111111111111
"3460","Myotis_evotis",1563,-115.07,43.69,2,2,8,0.0833333333333333
"3217","Marmota_camtschatica",1029,138.79,61.85,1,9,10,1
"4219","Sorex_isodon",8030,96.07,58.16,8,8,9,0.5
"3898","Thyroptera_discifera",2179,-66.27,-0.69,3,4,5,0.111111111111111
"4077","Viverricula_indica",3380,94.84,21.84,4,8,6,0.333333333333333
"3955","Myotis_nipalensis",2312,70.5,39.08,3,7,8,0.5
"4134","Neoromicia_capensis",4881,24,-6.2,5,6,4,0.166666666666667
"1552","Tadarida_lobata",96,33.85,-7.82,1,6,4,0.0104166666666667
"3499","Reithrodontomys_fulvescens",1118,-99.04,26.88,2,3,7,0.2
"4254","Ursus_arctos",18203,46.78,57.97,18,7,9,1
"2751","Echymipera_rufescens",401,140.73,-6.03,1,9,4,0.00900900900900901
"3720","Sicista_subtilis",1767,59.17,50.48,2,7,9,1
"4202","Orycteropus_afer",6753,22.19,-2.2,7,6,5,0.5
"4215","Ondatra_zibethicus",8257,-105.39,50.72,8,2,9,0.5
"3423","Pteropus_neohibernicus",393,141.71,-5.21,1,10,4,0.0072992700729927
"4228","Vespertilio_murinus",8545,68.29,49.93,9,7,9,0.25
"4220","Canis_latrans",9182,-111.2,48.3,9,2,8,1
"4244","Rattus_norvegicus",12913,63.27,47.24,13,7,8,0.5
"1890","Spalax_zemni",114,29.87,49.16,1,6,9,0.5
"4210","Capreolus_pygargus",6524,98.38,49.64,7,8,9,1
"2100","Pipistrellus_ariel",208,40.57,21.09,1,7,6,0.0434782608695652
"1889","Sicista_severtzovi",227,36.03,50.38,1,6,9,0.5
"2416","Rucervus_eldii",77,99.93,18.25,1,8,6,0.00666666666666667
"4201","Caracal_caracal",6864,30.2,6.35,7,6,5,0.5
"3464","Peromyscus_boylii",1200,-109.13,36.31,2,2,8,0.0833333333333333
"59","Dipodomys_ingens",12,-120,35.75,1,2,7,0.01
"2467","Chodsigoa_lamula",25,102.33,30.65,1,8,7,0.00628930817610063
"4146","Panthera_pardus",4561,41.08,2.84,5,7,5,1
"3899","Gerbillus_tarabuli",2377,2.14,23.77,3,5,7,1
"3953","Hystrix_indica",3014,63.65,30.01,3,7,7,1
"3120","Elaphodus_cephalophus",793,108.63,28.22,1,9,7,0.0185185185185185
"4156","Tamiasciurus_hudsonicus",6304,-106.04,53.4,6,2,9,0.333333333333333
"1174","Necromys_urichi",182,-65.86,6.06,1,4,5,0.0161290322580645
"3445","Sorex_camtschatica",388,159.5,58.95,1,10,9,0.5
"3850","Blarina_brevicauda",2137,-88.45,44.54,3,3,8,0.25
"3992","Odocoileus_hemionus",3199,-114.38,45.04,4,2,8,0.5
"4160","Eptesicus_fuscus",6003,-98.78,38.63,6,3,8,0.333333333333333
"4072","Erinaceus_roumanicus",3470,42.9,51.56,4,7,9,0.2
"3630","Atherurus_africanus",1322,14.1,1.71,2,6,5,0.0178571428571429
"3188","Myospalax_aspalax",431,116.85,44.79,1,9,8,0.0204081632653061
"3855","Ovibos_moschatus",2697,-85.12,74.17,3,3,10,1
"1854","Marmota_marmota",126,10.55,46.62,1,6,8,0.0217391304347826
"3463","Onychomys_leucogaster",1858,-106.23,40.76,2,2,8,0.0833333333333333
"4132","Genetta_maculata",4522,25.05,-4.02,5,6,4,0.166666666666667
"5","Marmota_broweri",245,-150.88,68.56,1,1,10,0.142857142857143
"1975","Phaner_pallescens",49,44.77,-19.69,1,7,3,0.0099009900990099
"3806","Pseudomys_desertor",1348,132.84,-23.42,2,9,3,0.1
"3896","Micronycteris_schmidtorum",2450,-63.41,-0.72,3,4,5,0.111111111111111
"4078","Felis_chaus",3243,73.02,27.16,4,8,7,0.5
"224","Myotis_keenii",119,-126.79,50.94,1,2,9,0.166666666666667
"588","Rhipidomys_fulviventer",45,-73.41,5.01,1,3,5,0.00581395348837209
"870","Thylamys_fenestrae",74,-63.68,-37.3,1,4,2,0.0204081632653061
"2803","Pseudantechinus_bilarni",79,133.36,-14.22,1,9,4,0.00900900900900901
"1802","Gerbillus_rosalinda",80,28.6,12.2,1,6,6,0.0555555555555556
"3141","Murina_puta",23,121.01,23.75,1,9,7,0.0185185185185185
"3993","Taxidea_taxus",4169,-105.84,41.58,4,2,8,0.5
"2140","Apodemus_ponticus",194,44.66,41.83,1,7,8,0.0161290322580645
"1424","Macroscelides_flavicaudatus",43,14.48,-21.56,1,6,3,0.0135135135135135
"3443","Myodes_rex",77,142.87,46,1,10,8,1
"3554","Rhipidomys_leucodactylus",1573,-66.44,-2.78,2,4,4,0.0357142857142857
"4229","Meles_leucurus",8458,89.66,48.35,9,8,8,1
"4092","Myodes_gapperi",4763,-95.33,50.66,5,3,9,0.5
"2225","Dyacopterus_brooksi",187,101.36,-0.28,1,8,5,0.0136986301369863
"2653","Phascogale_calura",29,118.27,-33.18,1,9,2,0.0333333333333333
"3805","Notomys_alexis",1165,127.57,-25.11,2,9,3,0.1
"3475","Neacomys_spinosus",1123,-67.43,-9.95,2,3,4,0.2
"4250","Lynx_lynx",13886,89.64,55.94,14,8,9,0.5
"2243","Loris_tardigradus",13,80.52,6.75,1,8,5,0.0136986301369863
"4192","Microtus_pennsylvanicus",7240,-103.94,53.74,7,2,9,0.2
"3078","Crocidura_tanakae",74,111.89,21.57,1,9,6,0.0238095238095238
"3998","Urocyon_cinereoargenteus",4018,-95.87,32.49,4,3,7,0.5
"3901","Tragelaphus_oryx",2532,27.51,-16.06,3,6,3,0.5
"293","Akodon_lutescens",77,-67.08,-17.75,1,3,3,0.0285714285714286
"1806","Mastomys_kollmannspergeri",622,20.09,13.78,1,6,6,0.0555555555555556
"3507","Scalopus_aquaticus",1593,-89.82,36.92,2,3,8,0.0833333333333333
"404","Phyllotis_amicus",67,-77.7,-10.32,1,3,4,0.0075187969924812
"4216","Microtus_agrestis",7463,50.49,58.01,8,7,9,0.5
"1894","Avahi_ramanantsoavanai",11,47.02,-23.48,1,7,3,0.0099009900990099
"3648","Gerbilliscus_kempi",1651,14.91,7.27,2,6,5,0.0178571428571429
"3911","Smutsia_temminckii",2571,28.48,-7.18,3,6,4,0.0833333333333333
"3684","Crocidura_fulvastra",1587,17.58,11.49,2,6,6,0.166666666666667
"300","Chinchillula_sahamae",80,-70.01,-16.15,1,3,3,0.0285714285714286
"2406","Rhinolophus_paradoxolophus",185,103.4,19.52,1,8,6,0.00666666666666667
"3544","Molossus_coibensis",1326,-63.91,-3.86,2,4,4,0.0357142857142857
"4151","Vulpes_corsac",4505,81.48,45.45,5,8,8,1
"3686","Gerbillus_henleyi",1724,24.12,22.17,2,6,6,0.166666666666667
"3492","Mormoops_megalophylla",1576,-91,17.61,2,3,6,0.25
"3737","Cynopterus_brachyotis",1175,100.27,11.63,2,8,6,0.0263157894736842
"3908","Philantomba_monticola",2356,23.51,-5.22,3,6,4,0.0833333333333333
"1792","Aethomys_stannarius",77,11.02,10.32,1,6,6,0.0555555555555556
"4084","Glaucomys_sabrinus",4978,-105.85,54.48,5,2,9,0.2
"4080","Lepus_tolai",3754,94.76,42.2,4,8,8,1
"3800","Chalinolobus_morio",1125,136.99,-31.08,2,9,2,0.333333333333333
"2301","Chrotogale_owstoni",137,105.76,18.83,1,8,6,0.00666666666666667
"3769","Capricornis_milneedwardsii",1465,104.79,25.36,2,8,7,0.0588235294117647
"4091","Marmota_monax",4334,-94.22,50.19,5,3,9,0.5
"2647","Macropus_eugenii",28,123.25,-34.21,1,9,2,0.0333333333333333
"4190","Sorex_daphaenodon",5323,116.28,56.97,6,9,9,1
"4253","Lutra_lutra",15783,77.31,49.74,16,8,9,1
"44","Chaetodipus_goldmani",42,-109.21,27.9,1,2,7,0.01
"3486","Promops_centralis",1828,-72.72,-1.03,2,3,5,0.0714285714285714
"1942","Microgale_dobsoni",93,48.12,-18.82,1,7,3,0.0099009900990099
"3691","Paraechinus_aethiopicus",1671,35.32,25.86,2,6,7,0.333333333333333
"3905","Helogale_parvula",2545,32.16,-7.37,3,6,4,0.0833333333333333
"4087","Synaptomys_borealis",4485,-111.25,57.53,5,2,9,0.2
"596","Saguinus_nigricollis",112,-73.5,-1,1,3,5,0.00581395348837209
"3624","Steatomys_pratensis",1388,26.07,-13.02,2,6,4,0.024390243902439
"1333","Microtus_duodecimcostatus",303,-1.84,40.9,1,5,8,0.0666666666666667
"3699","Rhinolophus_mehelyi",1133,20.4,37.36,2,6,8,0.142857142857143
"3270","Chalinolobus_neocaledonicus",17,165.49,-21.28,1,10,3,0.0263157894736842
"3826","Pipistrellus_pulveratus",1087,106.84,26.1,2,9,7,0.166666666666667
"4241","Felis_silvestris",12167,32.41,16.57,12,6,6,1
"3447","Microtus_miurus",1282,-146.22,64.6,2,1,10,1
"3822","Chimarrogale_himalayica",1363,108.97,29.08,2,9,7,0.166666666666667
"2646","Isoodon_obesulus",194,135.75,-35.03,1,9,2,0.0333333333333333
"362","Hylaeamys_perenensis",717,-69.83,-5.31,1,3,4,0.0075187969924812
"3510","Spilogale_putorius",1385,-93.53,37.54,2,3,8,0.0833333333333333
"3746","Manis_crassicaudata",1181,78.23,21.82,2,8,6,0.0263157894736842
"4057","Rhinolophus_hipposideros",3349,24.99,40.06,4,6,8,0.5
"4196","Dasypus_novemcinctus",6715,-68.16,0.43,7,3,5,0.5
"2","Dicrostonyx_unalascensis",14,-167.57,53.5,1,1,9,0.5
"2640","Sicista_napaea",100,83.92,51.1,1,8,9,0.125
"1315","Eliomys_munbyanus",467,1.71,32.6,1,5,7,0.0666666666666667
"4206","Martes_foina",6315,54.17,42.05,7,7,8,0.5
"4242","Sorex_caecutiens",12249,98.84,60.24,12,8,9,0.5
"3220","Nyctophilus_sherrini",38,146.84,-41.88,1,10,1,0.142857142857143
"3936","Hystrix_cristata",2181,16.37,11.49,3,6,6,0.2
"4224","Hyaena_hyaena",8952,31.85,22.05,9,6,6,1
"3890","Cyclopes_didactylus",2849,-65.54,-1.39,3,4,5,0.111111111111111
"940","Delomys_dorsalis",149,-49.38,-25.44,1,4,3,0.00636942675159236
"4161","Mephitis_mephitis",5982,-99.43,44.24,6,3,8,0.333333333333333
"3209","Sorex_unguiculatus",812,134.22,48.44,1,9,8,0.0204081632653061
"3820","Rhinolophus_pusillus",1768,107.36,22.47,2,9,6,1
"4039","Scotophilus_dinganii",4044,22.76,-4.92,4,6,4,0.111111111111111
"2124","Meriones_hurrianae",246,69.65,26.39,1,7,7,0.032258064516129
"3562","Euryoryzomys_macconnelli",1566,-63.91,-2.4,2,4,5,0.0666666666666667
"4226","Sorex_araneus",8633,53.44,57.55,9,7,9,0.25
"4230","Myodes_rufocanus",9421,101.48,59.91,9,8,9,1
"3709","Rhinolophus_blasii",1757,38.29,25.88,2,7,7,0.111111111111111
"2127","Microtus_qazvinensis",45,48.35,35.54,1,7,7,0.032258064516129
"3472","Histiotus_montanus",1527,-70.67,-25.8,2,3,3,1
"2745","Dobsonia_minor",333,140.68,-5.33,1,9,4,0.00900900900900901
"4237","Canis_aureus",10960,36.82,22.76,11,6,6,1
"788","Lasiurus_seminolus",564,-87.59,32.39,1,3,7,0.0333333333333333
"717","Otonyctomys_hatti",64,-88.7,19.61,1,3,6,0.00675675675675676
"3722","Chaerephon_plicatus",1176,104.51,8.36,2,8,5,0.125
"3835","Tscherskia_triton",1511,119.56,40.31,2,9,8,0.111111111111111
"3029","Suncus_hosei",12,115.29,4.29,1,9,5,0.00440528634361234
"4203","Asellia_tridens",6383,24.51,22.68,7,6,6,0.5
"294","Akodon_mimus",41,-67.76,-16.16,1,3,3,0.0285714285714286
"4236","Mellivora_capensis",10812,28.47,7.24,11,6,5,1
"3446","Sorex_portenkoi",121,175.7,65.88,1,10,10,1
"3838","Microtus_hyperboreus",2007,130.84,67.45,2,9,10,0.333333333333333
"3925","Neoromicia_rendalli",3005,19.33,1.34,3,6,5,0.05
"3508","Sciurus_carolinensis",1975,-87.75,40.15,2,3,8,0.0833333333333333
"289","Abrothrix_andinus",280,-68.45,-22.31,1,3,3,0.0285714285714286
"2288","Bandicota_savilei",375,102.44,16.56,1,8,6,0.00666666666666667
"4052","Gerbillus_gerbillus",3525,10.73,23.65,4,6,7,0.2
"4154","Lepus_americanus",6106,-109.11,54.88,6,2,9,0.333333333333333
"3173","Lasiopodomys_brandtii",531,111.36,46.45,1,9,8,0.0204081632653061
"3495","Pteronotus_davyi",1499,-77.87,10.87,2,3,6,0.25
"3843","Myotis_volans",2311,-114.64,41.86,3,2,8,0.5
"4233","Arvicola_amphibius",10050,55.4,55.7,10,7,9,1
"2087","Dendromus_lovati",42,38.57,10.33,1,7,6,0.0434782608695652
"3935","Erythrocebus_patas",2568,12.46,10.8,3,6,6,0.2
"3922","Lavia_frons",2786,21.25,4.62,3,6,5,0.05
"3469","Microtus_xanthognathus",1762,-123.65,62.57,2,2,10,0.5
"3939","Meriones_crassus",3145,27.79,28.36,3,6,7,1
"4032","Platyrrhinus_helleri",3578,-65.78,-2.47,4,4,5,0.5
"4183","Meles_meles",5621,26.18,49.58,6,6,9,0.333333333333333
"3688","Ictonyx_libycus",2098,7.65,21.86,2,6,6,0.166666666666667
"1374","Otomys_saundersiae",119,23.34,-32.37,1,6,2,0.0227272727272727
"3497","Nycticeius_humeralis",1286,-88.81,35.14,2,3,7,0.2
"2338","Hylopetes_phayrei",485,100.85,19.76,1,8,6,0.00666666666666667
"3943","Glis_glis",2165,22.71,47.17,3,6,8,0.125
"4045","Kobus_ellipsiprymnus",3320,22.92,-0.92,4,6,5,0.111111111111111
"4197","Lasiurus_blossevillii",7041,-72.84,2.85,7,3,5,0.5
"3470","Sorex_ugyunak",1400,-113.35,66.59,2,2,10,0.5
"821","Dicrostonyx_richardsoni",334,-100.23,61.37,1,3,9,0.5
"4180","Nycteris_thebaica",5437,23.17,-0.82,6,6,5,0.142857142857143
"1209","Stenoderma_rufum",13,-66.21,18.13,1,4,6,0.111111111111111
"810","Myotis_leibii",727,-81.22,40.38,1,3,8,0.0714285714285714
"3685","Desmodilliscus_braueri",1274,9.58,16.04,2,6,6,0.166666666666667
"3845","Microtus_longicaudus",2294,-121.94,50.52,3,2,9,0.333333333333333
"4256","Vulpes_vulpes",26128,77.49,48.59,25,8,8,1
"112","Peromyscus_polius",24,-107.54,29.33,1,2,7,0.01
"2257","Paradoxurus_zeylonensis",19,80.54,7.01,1,8,5,0.0136986301369863
"529","Lonchophylla_concava",122,-79.42,3.77,1,3,5,0.00581395348837209
"3701","Microtus_subterraneus",1771,22.14,49.5,2,6,9,0.333333333333333
"4186","Crocidura_suaveolens",6268,56.34,44.95,6,7,8,0.25
"4074","Myotis_dasycneme",3492,49.68,55.18,4,7,9,0.2
"3990","Nyctereutes_procyonoides",3015,120.23,39.2,3,9,8,0.5
"4249","Lepus_timidus",14369,90.47,60.81,14,8,9,0.5
"3694","Myotis_myotis",2055,15.06,44.6,2,6,8,0.142857142857143
"3895","Micronycteris_hirsuta",2352,-66.32,-0.45,3,4,5,0.111111111111111
"3501","Condylura_cristata",1958,-79.01,46.74,2,3,8,0.0833333333333333
"3963","Muntiacus_vaginalis",2318,92.38,21.04,3,8,6,0.0769230769230769
"4235","Pteromys_volans",9517,100.82,59.68,10,8,9,0.5
"286","Thylamys_pallidior",674,-67.69,-30.36,1,3,2,0.0344827586206897
"3988","Ursus_thibetanus",2155,106.7,30.24,3,9,7,0.5
"2412","Rhinolophus_yunanensis",197,98.25,21.46,1,8,6,0.00666666666666667
"774","Tylomys_nudicaudus",231,-91.35,15.76,1,3,6,0.00675675675675676
"3305","Xeromys_myoides",38,145.67,-19.89,1,10,3,0.0263157894736842
"1816","Crocidura_religiosa",16,31,30.5,1,6,7,0.0294117647058824
"2275","Suncus_montanus",14,77.82,9.89,1,8,5,0.0136986301369863
"3008","Rattus_hoffmanni",107,121.28,-1.83,1,9,5,0.00440528634361234
"4234","Micromys_minutus",10067,73.28,48.86,10,8,9,0.5
"4019","Molossops_temminckii",4100,-57.75,-12.19,4,4,4,0.0333333333333333
"809","Myotis_grisescens",393,-86.56,36.41,1,3,8,0.0714285714285714
"3816","Macaca_fascicularis",1329,109.48,5.6,2,9,5,0.142857142857143
"2396","Pseudoryx_nghetinhensis",22,105.7,17.75,1,8,6,0.00666666666666667
"4109","Micronycteris_megalotis",4210,-59.06,-6.25,5,4,4,0.0285714285714286
"3985","Tachyglossus_aculeatus",3079,134.75,-25.43,3,9,3,0.166666666666667
"4067","Hemiechinus_auritus",4172,71.33,42.19,4,7,8,0.25
"3927","Nycticeinops_schlieffeni",2235,25.75,-1.13,3,6,5,0.05
"4047","Lissonycteris_angolensis",3215,22.81,-1.64,4,6,5,0.111111111111111
"2792","Petrogale_burbidgei",13,125.56,-15.13,1,9,4,0.00900900900900901
"3919","Galago_senegalensis",2998,18.68,8.27,3,6,5,0.05
"1316","Eptesicus_isabellinus",463,-0.19,34.57,1,5,7,0.0666666666666667
"4148","Rhinolophus_ferrumequinum",4838,57.55,37,5,7,8,0.5
"3772","Herpestes_auropunctatus",1375,75.17,27.71,2,8,7,0.0588235294117647
"3803","Macropus_rufus",2085,132.94,-25.45,2,9,3,0.1
"1416","Gerbillurus_vallinus",131,18.78,-27.75,1,6,3,0.0135135135135135
"4218","Myopus_schisticolor",7503,99.09,60.44,8,8,9,0.5
"3860","Mazama_gouazoubira",2199,-52.39,-19.84,3,4,3,0.166666666666667
"820","Dicrostonyx_hudsonius",405,-70.26,57.77,1,3,9,0.5
"3187","Myodes_shanseius",185,111.07,37.1,1,9,8,0.0204081632653061
"3473","Bassaricyon_alleni",1601,-67,-3.01,2,3,4,0.2
"1793","Chlorocebus_aethiops",447,36.56,10.76,1,6,6,0.0555555555555556
"4255","Gulo_gulo",18945,23.5,62.73,19,6,10,1
"3700","Eliomys_quercinus",1552,15.62,48.92,2,6,9,0.333333333333333
"2002","Kerivoula_africana",19,38.57,-6.91,1,7,4,0.05
"245","Irenomys_tarsalis",117,-72.57,-41.31,1,3,1,0.0333333333333333
"2111","Calomyscus_hotsoni",70,61.76,27.31,1,7,7,0.032258064516129
"3758","Ratufa_bicolor",1134,101.31,13.82,2,8,6,0.0263157894736842
"4060","Mustela_putorius",3577,23.22,52.34,4,6,9,0.142857142857143
"2388","Pardofelis_marmorata",818,102.52,13.17,1,8,6,0.00666666666666667
"1707","Mops_congicus",224,21.36,2.6,1,6,5,0.00423728813559322
"3142","Myodes_smithii",102,135.4,35.08,1,9,7,0.0185185185185185
"1523","Nesotragus_moschatus",580,36.11,-13.19,1,6,4,0.0104166666666667
"2012","Taphozous_hildegardeae",33,39.11,-4.42,1,7,4,0.05
"3973","Rattus_tanezumi",3005,104.43,28.45,3,8,7,0.5
"2387","Paraechinus_nudiventris",14,78.36,12.54,1,8,6,0.00666666666666667
"2665","Sminthopsis_fuliginosus",16,116.41,-33.78,1,9,2,0.0333333333333333
"3778","Naemorhedus_griseus",1157,105.67,28.8,2,8,7,0.0588235294117647
"3485","Oligoryzomys_fulvescens",1321,-75.65,8.71,2,3,5,0.0714285714285714
"1332","Microtus_cabrerae",93,-4.97,40.09,1,5,8,0.0666666666666667
"3893","Lionycteris_spurrelli",2525,-64.45,-1.55,3,4,5,0.111111111111111
"2507","Microtus_clarkei",127,99.36,25.64,1,8,7,0.00628930817610063
"3957","Lagurus_lagurus",2589,70.29,49.75,3,7,9,0.333333333333333
"3837","Alticola_lemminus",1873,129.25,63.56,2,9,10,0.333333333333333
"1362","Gerbilliscus_afra",57,19.63,-32.93,1,6,2,0.0227272727272727
"3695","Neomys_anomalus",1833,18.28,45.87,2,6,8,0.142857142857143
"3903","Canis_mesomelas",2416,30.78,-10.32,3,6,4,0.0833333333333333
"3553","Rhinophylla_fischerae",1607,-65.43,-3.5,2,4,4,0.0357142857142857
"4158","Tadarida_brasiliensis",5751,-79.75,3.45,6,3,5,0.5
"3613","Myotis_welwitschii",1611,31.77,-11.33,2,6,4,0.024390243902439
"3818","Rousettus_amplexicaudatus",2095,117.75,3.92,2,9,5,0.142857142857143
"1310","Taterillus_tranieri",48,-7.92,15.86,1,5,6,0.0384615384615385
"4139","Ichneumia_albicauda",5212,24.05,0.87,5,6,5,0.142857142857143
"3655","Hypsignathus_monstrosus",1134,13.27,1.87,2,6,5,0.0178571428571429
"3500","Sigmodon_hispidus",1172,-93.7,33.39,2,3,7,0.2
"4178","Herpestes_sanguineus",5945,22.42,-2.19,6,6,5,0.142857142857143
"3721","Arctogalidia_trivirgata",1175,104.32,9.91,2,8,5,0.125
"3449","Bassariscus_astutus",1747,-106.06,31.35,2,2,7,0.142857142857143
"1210","Sorex_maritimensis",51,-64.41,45.14,1,4,8,1
"4221","Castor_canadensis",8441,-106.35,49.88,9,2,9,1
"1288","Chlorocebus_sabaeus",570,-8.14,11.63,1,5,6,0.0384615384615385
"1408","Felis_nigripes",773,23.03,-25.72,1,6,3,0.0135135135135135
"3590","Chaerephon_chapini",1550,26,-7.77,2,6,4,0.024390243902439
"916","Carterodon_sulcidens",129,-45.68,-17.24,1,4,3,0.00636942675159236
"3984","Saccolaimus_flaviventris",2364,136.84,-24.24,3,9,3,0.166666666666667
"3403","Planigale_novaeguineae",26,142.4,-8.75,1,10,4,0.0072992700729927
"1464","Beamys_hindei",178,36.09,-9.81,1,6,4,0.0104166666666667
"4207","Eptesicus_nilssonii",6761,61.58,56.26,7,7,9,1
"4159","Mustela_frenata",5601,-96.41,33.89,6,3,7,1
"3591","Chaerephon_nigeriae",1782,19.84,-4.83,2,6,4,0.024390243902439
"3702","Pipistrellus_pygmaeus",1418,11.93,50.1,2,6,9,0.333333333333333
"2125","Meriones_persicus",982,56.44,33.69,1,7,7,0.032258064516129
"2212","Callosciurus_albescens",35,97.09,4.28,1,8,5,0.0136986301369863
"1840","Psammomys_vexillaris",82,9.18,33.38,1,6,7,0.0294117647058824
"1719","Mylomys_dybowskii",535,22.47,3.04,1,6,5,0.00423728813559322
"2008","Paraxerus_flavovittis",269,37.87,-11.71,1,7,4,0.05
"127","Sylvilagus_robustus",32,-103.47,30.14,1,2,7,0.01
"2582","Tamiops_swinhoei",435,103.63,29.6,1,8,7,0.00628930817610063
"3444","Microtus_sachalinensis",46,142.9,50.79,1,10,9,0.5
"3516","Myocastor_coypus",1726,-63.72,-34.27,2,4,2,0.25
"4075","Pipistrellus_tenuis",3291,94.05,17.96,4,8,6,0.333333333333333
"1879","Sorex_samniticus",106,13.51,42.12,1,6,8,0.0217391304347826
"3834","Pipistrellus_alaschanicus",1373,116.48,38.07,2,9,8,0.111111111111111
"1177","Neusticomys_venezuelae",66,-63.59,5.64,1,4,5,0.0161290322580645
"2340","Kerivoula_titania",246,103.43,18.29,1,8,6,0.00666666666666667
"313","Necromys_amoenus",96,-68.79,-16.87,1,3,3,0.0285714285714286
"9","Sorex_yukonicus",52,-151.94,64.05,1,1,10,0.142857142857143
"1213","Lemmus_portenkoi",21,-59.42,71.2,1,4,10,0.5
"4167","Leopardus_pardalis",5290,-62.59,-5.69,6,4,4,0.1
"3942","Crocidura_leucodon",2126,26.55,44.36,3,6,8,0.125
"1206","Natalus_stramineus",17,-61.69,16.25,1,4,6,0.111111111111111
"1626","Crossarchus_ansorgei",241,21.33,-1.77,1,6,5,0.00423728813559322
"4189","Lepus_europaeus",5656,40.65,49.4,6,7,9,1
"4088","Zapus_hudsonius",5015,-101.42,50.52,5,2,9,0.2
"4199","Peromyscus_maniculatus",6649,-100.5,45.61,7,3,8,1
"244","Histiotus_magellanicus",242,-71.94,-47.82,1,3,1,0.0333333333333333
"4257","Mustela_erminea",27375,18.08,58.43,27,6,9,0.5
"3540","Marmosa_lepida",1459,-66.1,-2.95,2,4,4,0.0357142857142857
"2082","Acomys_mullah",82,42.32,11.14,1,7,6,0.0434782608695652
"3878","Molossops_mattogrossensis",2359,-53.93,-6.11,3,4,4,0.0357142857142857
"3987","Martes_flavigula",3010,107.67,23.15,3,9,7,0.5
"4172","Pecari_tajacu",5629,-65.21,-3.06,6,4,4,0.1
"4181","Procavia_capensis",5891,21.4,6.84,6,6,5,0.142857142857143
"2204","Crocidura_lepidura",103,103.17,-2.65,1,8,4,0.2
"3931","Phataginus_tricuspis",2111,15.06,1.04,3,6,5,0.05
"509","Glossophaga_longirostris",618,-66.66,6.41,1,3,5,0.00581395348837209
"3880","Oecomys_bicolor",3001,-62.21,-4.99,3,4,4,0.0357142857142857
"3493","Nasua_narica",1196,-95.21,18.78,2,3,6,0.25
"4056","Myotis_nattereri",3511,18.98,47.89,4,6,8,0.5
"2673","Chaerephon_jobensis",993,133.16,-17.49,1,9,3,0.0172413793103448
"1331","Lepus_granatensis",228,-4.24,40,1,5,8,0.0666666666666667
"2922","Hyosciurus_heinrichi",22,120.09,-2.27,1,9,5,0.00440528634361234
"2152","Ellobius_lutescens",172,47.72,36.21,1,7,8,0.0161290322580645
"3844","Reithrodontomys_megalotis",2343,-106.45,37.44,3,2,8,0.5
"4036","Mungos_mungo",3800,26.02,-4.4,4,6,4,0.111111111111111
"4147","Gazella_subgutturosa",4388,69.34,36.5,5,7,8,0.5
"3934","Crocidura_viaria",2968,11.52,12.57,3,6,6,0.2
"3856","Cavia_aperea",2388,-56.9,-17,3,4,3,0.166666666666667
"995","Philander_frenatus",392,-47.39,-22.62,1,4,3,0.00636942675159236
"824","Akodon_dolores",41,-64.87,-31.36,1,4,2,0.0204081632653061
"3991","Murina_hilgendorfi",2152,120.93,50.77,3,9,9,1
"4063","Plecotus_auritus",3883,22.35,51.07,4,6,9,0.142857142857143
"3972","Macaca_mulatta",2952,92.32,26.14,3,8,7,0.5
